4318520,Kylan Howell,MD,Asset Management,Research and Development
4318521,Mason Welch,D,Investment Bank,Customer Relations
4318522,Gail Acevedo,ED,Wealth Management,Quality Assurance
4318523,Shellie Giles,EE,Asset Management,Human Resources
4318524,Destiny Sanford,ED,Investment Bank,Customer Service
4318525,Brandon Kidd,AD,Asset Management,Payroll
4318526,Hedda Lyons,MD,Asset Management,Customer Relations
4318527,Ella Ramirez,EE,Wealth Management,Finances
4318528,Basil Winters,AO,Investment Bank,Finances
4318529,Zahir Hardin,MD,Investment Bank,Advertising
4318530,Marah Carter,ED,Corporate Center,Research and Development
4318531,Graiden Berry,D,Investment Bank,Customer Service
4318532,Drake Odonnell,ED,Investment Bank,Finances
4318533,Lacy Skinner,D,Wealth Management,Public Relations
4318534,Abbot Andrews,EE,Investment Bank,Finances
4318535,Aiko Burnett,MD,Wealth Management,Asset Management
4318536,Ursula Koch,D,Asset Management,Research and Development
4318537,Jonah Bass,MD,Investment Bank,Sales and Marketing
4318538,Donovan Dunn,EE,Investment Bank,Finances
4318539,Carlos Harding,AO,Corporate Center,Payroll
4318540,Jordan Walter,AO,Corporate Center,Asset Management
4318541,Hashim Bonner,MD,Corporate Center,Research and Development
4318542,Phillip Bernard,MD,Investment Bank,Advertising
4318543,Sybil Roberts,D,Corporate Center,Legal Department
4318544,Chase Rogers,D,Corporate Center,Research and Development
4318545,Veda Cannon,D,Wealth Management,Human Resources
4318546,Rhona Mcintyre,EE,Investment Bank,Advertising
4318547,Aristotle Pacheco,MD,Investment Bank,Advertising
4318548,Nomlanga Spence,ED,Asset Management,Advertising
4318549,Mohammad Dotson,AO,Investment Bank,Legal Department
4318550,Karen England,AD,Corporate Center,Asset Management
4318551,Jack Dalton,ED,Corporate Center,Finances
4318552,Hunter Velasquez,D,Investment Bank,Legal Department
4318553,Janna Hicks,MD,Corporate Center,Payroll
4318554,Martin Guthrie,EE,Wealth Management,Quality Assurance
4318555,Ori Lindsey,MD,Investment Bank,Media Relations
4318556,Jelani Weaver,AO,Asset Management,Finances
4318557,Maia Blake,MD,Corporate Center,Customer Service
4318558,Belle Roach,EE,Corporate Center,Sales and Marketing
4318559,Kennedy Randolph,EE,Corporate Center,Payroll
4318560,Sean Garner,EE,Corporate Center,Customer Relations
4318561,Hedy Stephens,MD,Wealth Management,Research and Development
4318562,Lacey Lester,EE,Investment Bank,Research and Development
4318563,Irma Powers,EE,Corporate Center,Accounting
4318564,Jade Hayden,EE,Wealth Management,Human Resources
4318565,Driscoll Dunn,EE,Wealth Management,Accounting
4318566,Dante Craig,MD,Asset Management,Quality Assurance
4318567,Sophia Carney,MD,Asset Management,Quality Assurance
4318568,Madaline Charles,ED,Corporate Center,Customer Relations
4318569,Valentine Moody,EE,Asset Management,Advertising
4318570,Jana Hampton,AD,Asset Management,Advertising
4318571,Martina Cox,AO,Wealth Management,Asset Management
4318572,Nehru Montgomery,D,Wealth Management,Finances
4318573,Elaine Norris,EE,Corporate Center,Human Resources
4318574,Urielle Delgado,MD,Asset Management,Accounting
4318575,Katell Hardin,D,Corporate Center,Accounting
4318576,Jaquelyn Rodriguez,AO,Asset Management,Public Relations
4318577,Illiana Craft,D,Wealth Management,Advertising
4318578,Bradley Wagner,D,Corporate Center,Advertising
4318579,Bruce Burgess,AO,Wealth Management,Research and Development
4318580,Yeo Mendez,ED,Investment Bank,Advertising
4318581,Coby Morin,ED,Wealth Management,Human Resources
4318582,Kane Conrad,MD,Investment Bank,Finances
4318583,Lani Norton,AO,Investment Bank,Customer Service
4318584,Alan Bean,D,Wealth Management,Customer Service
4318585,Claire Maldonado,MD,Investment Bank,Research and Development
4318586,Jaime Davenport,ED,Investment Bank,Sales and Marketing
4318587,Ivan Jensen,AD,Asset Management,Quality Assurance
4318588,Dillon Christensen,ED,Corporate Center,Accounting
4318589,Robert Tucker,AD,Asset Management,Tech Support
4318590,Kimberly Christensen,AO,Investment Bank,Asset Management
4318591,Sebastian Slater,D,Wealth Management,Customer Relations
4318592,Dahlia Gallagher,AD,Corporate Center,Finances
4318593,Zelda Garza,EE,Investment Bank,Human Resources
4318594,Kirestin Wiggins,D,Investment Bank,Finances
4318595,Minerva Blankenship,EE,Corporate Center,Customer Relations
4318596,Kennedy Bailey,AO,Corporate Center,Customer Service
4318597,Meredith Meyers,AO,Investment Bank,Payroll
4318598,Heather Carver,EE,Corporate Center,Accounting
4318599,Quinn Cline,ED,Investment Bank,Finances
4318600,Brandon Decker,ED,Corporate Center,Customer Service
4318601,Aidan Sawyer,AD,Investment Bank,Accounting
4318602,Armand Camacho,MD,Asset Management,Finances
4318603,Eric Barker,MD,Wealth Management,Customer Relations
4318604,Edward Espinoza,MD,Asset Management,Media Relations
4318605,Britanney Swanson,AO,Wealth Management,Human Resources
4318606,Raja Kirby,AD,Asset Management,Accounting
4318607,Carlos Lancaster,MD,Investment Bank,Public Relations
4318608,Alan Noble,ED,Investment Bank,Public Relations
4318609,Dieter Castaneda,ED,Corporate Center,Customer Service
4318610,Armand Mccullough,D,Asset Management,Media Relations
4318611,Aaron Fields,AO,Asset Management,Research and Development
4318612,Kirsten Hawkins,AD,Asset Management,Media Relations
4318613,Juliet Flores,ED,Asset Management,Customer Service
4318614,Hyatt Wiley,AO,Investment Bank,Finances
4318615,Tanya Horn,AD,Asset Management,Quality Assurance
4318616,Brittany England,MD,Investment Bank,Quality Assurance
4318617,Nerea Swanson,AO,Wealth Management,Sales and Marketing
4318618,Roth Soto,D,Wealth Management,Tech Support
4318619,Germaine Kidd,MD,Corporate Center,Asset Management
